#GBE_ID	md5sum
BIN1518	6c568813a11d05df76af628a1e6a309a
INI1518	80a61be61484542096c3e849aa931840
BIN1020483	27c02f8b836238e2aaa917a71bd5107e
BIN20483	e8ff03a040a873ce0a66de36458090e4
BIN_FC50020488	f0e41d5356cceed23ab89cf6fd344a24
BIN_FC40020488	aa166aecbfdcb568c286e30daba0faa9
BIN_FC20020488	226a065fd2d2361d924878cf95362d2e
BIN_FC30020488	aeba13dcb14100717fd6af659fe8a2bc
BIN_FC10020488	85c58d82546357ba03feafefb45a2186
BIN_FC10021057	4a0058f11043648dd796bd4eb643319d
QT_FC10021057	14b665d643bf8351fed901831fdc5d4d
QT_FC21057	14b665d643bf8351fed901831fdc5d4d
BIN_FC10022506	77af3ed40d12d18d9ec1262aa137776e
BIN_FC20022506	c969fbf96c872eef5c8a404c20b59cbf
BIN_FC30022506	aaead5981a5cd074cdcfd2a2ce05a17b
BIN_FC6002395	89022c13b1242ad66370be15f16a9f4d
BIN_FC1002395	f5e957e85d39f130f0a545a596173e2a
BIN_FC4002395	477fcb8eb14a888912e57d18329aab61
BIN_FC5002395	246eba2c431a2f9e1aae54339e98b994
QT_FC1002395	6e7a76895b1177b31cb9fc8b9abf67ba
QT_FC10003476	055238c7365a7b51549c2f603ba4c518
QT_FC1003476	055238c7365a7b51549c2f603ba4c518
BIN_FC30003486	2e84647befc2b4aa2e55a25339011710
BIN_FC20003486	6b6d8c8ce90041b503458d82e471de2b
BIN_FC40003486	cff2f8214ca29208f08d05bfed4ea607
BIN_FC10003486	97fcecc11248615ddf3803e528eab613
BIN3571	75add8fe0a68d90914e7290ef3344b53
BIN_FC10003571	75add8fe0a68d90914e7290ef3344b53
INI2005254	15f8bf121d65832973b86df0afc8c9c9
INI2005255	b9f96c605a9d6678b1e0a24641bc368b
BIN_FC3006152	edd2af3182b078ebba76808306137fd5
BIN_FC8006152	ffd9aeb62911994fc160483fcf394ca0
BIN_FC2006152	8b1e63eb6ca2904926e9d2329b68b3c5
BIN_FC7006152	567b7f579d2843a68ff07bb49b7c9bc3
BIN_FC1006152	3f0265af5e522d29b8b8fb4c4eb8eff9
BIN_FC6006152	3a240461417806c31fda71d5057bd734
BIN_FC11006152	996e6290aaf3e84bac122f3ab7761b17
BIN_FC12006152	f4e1a1c36a952703e734cdbf189d453e
BIN_FC4006152	35a43f33b3d0303eafc0c3ef72829c12
BIN_FC9006152	258228ea1ee375272f683f37fc7dce70
BIN_FC10006152	54d65ea30ab909e6345cfed749e71846
BIN_FC5006152	6feb1a4b0e12187bc140a34848737a80
BIN_FC3006153	f3efaa1b84adca2f3f908f24fc81f141
BIN_FC8006153	e8e227a1fa52fb0f8d080ab6088e45f3
BIN_FC10006153	12671baa8e6e9a462d4da7ee824744db
BIN_FC5006153	886aee3e28847a5b899dd3393fd6e300
BIN_FC4006153	bd42a9d1e063a538ed9c4e43bb7ac36a
BIN_FC9006153	d67b8f04df9bb6af8ee4e72dec8d0aec
BIN_FC1006153	88a1d3e4c4447d59db70c52727456555
BIN_FC6006153	00e93e8d9a0c58dbfff6e89931322da8
BIN_FC2006153	e4e5097d8925f5227fdf29676591c9e0
BIN_FC7006153	dc179517c9770bc7ae280ca8860183e9
BIN_FC10006154	af7cec71096782e5ca50e9a4e76faa16
BIN_FC12006154	888ffce942eacd0a8a9b2ce97fc4bbe7
BIN_FC6006154	dff0f9499983b6394f8e481557810cf0
BIN_FC11006154	77ac5cdb414dd0788ea66dd4bea7d918
BIN_FC1006154	34a07b2ebd14e3224280030fc137d606
BIN_FC7006154	149853e734fd672174510f01262707a2
BIN_FC2006154	c9ddc0afb721a1efa37c61ee865635d5
BIN_FC8006154	80b4db81d2096e9721f85bff7685850e
BIN_FC9006154	0cb1702291640b0480e7adaef80e2f58
BIN_FC1006155	5b3b79f622398c4b8b5d8c4e981dfb80
BIN_FC13006155	d67c4af57e5f6a5ba8fd65bd27bb655d
BIN_FC7006155	dedb8e53f47043d22d9bdc2268c53049
BIN_FC12006155	dc67d9016b1b0f0ac1c0fb489c6d3c75
BIN_FC18006155	021b6783873f87bb5129e0bdb8b606bf
BIN_FC6006155	cac7a2f3609ae9c236c733be996102ed
BIN_FC11006155	a9f2f225b33b98c03343c7e8e8a41575
BIN_FC17006155	d8fff73ac0d7d53a1f0fd3d009616de9
BIN_FC5006155	1ac5bdae7696f2268073654251d16b88
BIN_FC14006155	42a916b77bd8f77f3af1bfa49c16c164
BIN_FC2006155	5c1e8db92f3170258737912ccdada0c5
BIN_FC8006155	6dd7911b23fd84ad8dce1321fbd70ee8
BIN_FC10006155	277cff4ff824ce48560217f964fa240f
BIN_FC16006155	7a50329e9a2045b46e281e1d136e8443
BIN_FC4006155	615270f81a1bbce3164eed886be7a1cf
BIN_FC15006155	0f50ea47172e5932894b07c3fd796d0c
BIN_FC3006155	b891401772abb63ab39d2a579b709485
BIN_FC9006155	cfa81a87bce42ac23ba03dccb1a1491f
BIN_FC19006155	927d718093753f8b8c672b0c36bfa86a
BIN_FC3006177	0bceddf69fa69b4134a8cb6151330008
BIN_FC6006177	1b8cc5a036d7596967fa50a93cc19688
BIN_FC1006177	4476c776d476d35cfeb7d55054d8985f
BIN_FC4006177	e0fed5382fc2ce0de5214534bb94529d
BIN_FC2006177	2318074bf7f58369edd19dc70ad9d5fa
BIN_FC5006177	38a0533381580a71b6cfb6bc21dfb543
BIN_FC12006179	03cef02ce345a05b1031588655720e19
BIN_FC6006179	30628e97ee748530a908b88fa80d1952
BIN_FC11006179	a5f33ed98a3eb43b8fb61b54698106d8
BIN_FC10006179	db19663ee2645b524d34e270915540b4
BIN_FC9006179	dd62d99322938b362057d87a3bf79e06
BIN_FC2006179	42c8212c1e91851a1160afd5911c7935
BIN_FC8006179	1fb52980a850499f17ae52c357f63181
BIN_FC1006179	f3948bb4756e0b640161f523c557ecae
BIN_FC7006179	26e20d639870b95d72e525691cf20ac3
